{"flutter":{"platforms":{"android":{"default":{"projectId":"almacen-camion","appId":"1:752418063958:android:d875f118d51cd4912f9df7","fileOutput":"android/app/google-services.json"}},"dart":{"lib/firebase_options.dart":{"projectId":"almacen-camion","configurations":{"android":"1:752418063958:android:d875f118d51cd4912f9df7","ios":"1:752418063958:ios:a389ed3ccc79780b2f9df7","macos":"1:752418063958:ios:a5fd010fe8cdaf1a2f9df7","web":"1:752418063958:web:354747654974dadf2f9df7","windows":"1:752418063958:web:b0d07916a7ed33502f9df7"}}}}}}