{
  "project_info": {
    "project_number": "752418063958",
    "project_id": "almacen-camion",
    "storage_bucket": "almacen-camion.appspot.com"
  },
  "client": [
    {
      "client_info": {
        "mobilesdk_app_id": "1:752418063958:android:0e4cb2aaaf1fcab12f9df7",
        "android_client_info": {
          "package_name": "com.almacen.app"
        }
      },
      "oauth_client": [],
      "api_key": [
        {
          "current_key": "AIzaSyDkvtNVNLzz9Wpgpya4kkTjN_2aCFcOqck"
        }
      ],
      "services": {
        "appinvite_service": {
          "other_platform_oauth_client": []
        }
      }
    },
    {
      "client_info": {
        "mobilesdk_app_id": "1:752418063958:android:d875f118d51cd4912f9df7",
        "android_client_info": {
          "package_name": "com.example.flutter_application_1"
        }
      },
      "oauth_client": [],
      "api_key": [
        {
          "current_key": "AIzaSyDkvtNVNLzz9Wpgpya4kkTjN_2aCFcOqck"
        }
      ],
      "services": {
        "appinvite_service": {
          "other_platform_oauth_client": []
        }
      }
    }
  ],
  "configuration_version": "1"
}